sci-g1-tosho-0001	理科	中1	1	1	1-1	身近な生物の観察		東書	26F進行表オモテ【中学理科】.xls
sci-g1-tosho-0002	理科	中1	2	1	1-2	花のつくり①（被子植物）		東書	26F進行表オモテ【中学理科】.xls
sci-g1-tosho-0003	理科	中1	3	1	1-3	花のつくり②（裸子植物）		東書	26F進行表オモテ【中学理科】.xls
sci-g1-tosho-0004	理科	中1	4	1	1-4	被子植物の分類		東書	26F進行表オモテ【中学理科】.xls
sci-g1-tosho-0005	理科	中1	5	1	1-5	植物の分類		東書	26F進行表オモテ【中学理科】.xls
sci-g1-tosho-0006	理科	中1	6	1	1-6	脊椎動物のなかま		東書	26F進行表オモテ【中学理科】.xls
sci-g1-tosho-0007	理科	中1	7	1	1-7	無脊椎動物のなかま		東書	26F進行表オモテ【中学理科】.xls
sci-g1-tosho-0008	理科	中1	8	2	2-1	物質の性質		東書	26F進行表オモテ【中学理科】.xls
sci-g1-tosho-0009	理科	中1	9	2	2-2	実験器具の使い方		東書	26F進行表オモテ【中学理科】.xls
sci-g1-tosho-0010	理科	中1	10	2	2-3	物質の密度		東書	26F進行表オモテ【中学理科】.xls
sci-g1-tosho-0011	理科	中1	11	2	2-4	気体の性質		東書	26F進行表オモテ【中学理科】.xls
sci-g1-tosho-0012	理科	中1	12	2	2-5	物質のとけ方①		東書	26F進行表オモテ【中学理科】.xls
sci-g1-tosho-0013	理科	中1	13	2	2-6	物質のとけ方②		東書	26F進行表オモテ【中学理科】.xls
sci-g1-tosho-0014	理科	中1	14	2	2-7	物質の状態変化		東書	26F進行表オモテ【中学理科】.xls
sci-g1-tosho-0015	理科	中1	15	2	2-8	状態変化と温度		東書	26F進行表オモテ【中学理科】.xls
sci-g1-tosho-0016	理科	中1	16	3	3-1	光の反射		東書	26F進行表オモテ【中学理科】.xls
sci-g1-tosho-0017	理科	中1	17	3	3-2	光の屈折		東書	26F進行表オモテ【中学理科】.xls
sci-g1-tosho-0018	理科	中1	18	3	3-3	凸レンズ		東書	26F進行表オモテ【中学理科】.xls
sci-g1-tosho-0019	理科	中1	19	3	3-4	音の伝わり方		東書	26F進行表オモテ【中学理科】.xls
sci-g1-tosho-0020	理科	中1	20	3	3-5	音の大きさと高さ		東書	26F進行表オモテ【中学理科】.xls
sci-g1-tosho-0021	理科	中1	21	3	3-6	力のはたらき		東書	26F進行表オモテ【中学理科】.xls
sci-g1-tosho-0022	理科	中1	22	3	3-7	力のつり合い		東書	26F進行表オモテ【中学理科】.xls
sci-g1-tosho-0023	理科	中1	23	4	4-1	火山		東書	26F進行表オモテ【中学理科】.xls
sci-g1-tosho-0024	理科	中1	24	4	4-2	火成岩		東書	26F進行表オモテ【中学理科】.xls
sci-g1-tosho-0025	理科	中1	25	4	4-3	地震		東書	26F進行表オモテ【中学理科】.xls
sci-g1-tosho-0026	理科	中1	26	4	4-4	地震の起こる原因		東書	26F進行表オモテ【中学理科】.xls
sci-g1-tosho-0027	理科	中1	27	4	4-5	地層のでき方と堆積岩		東書	26F進行表オモテ【中学理科】.xls
sci-g1-tosho-0028	理科	中1	28	4	4-6	化石と地層の観察		東書	26F進行表オモテ【中学理科】.xls
sci-g1-keirin-0001	理科	中1	1	1	1-1	身近な生物の観察		啓林館	26F進行表オモテ【中学理科】.xls
sci-g1-keirin-0002	理科	中1	2	1	1-2	花のつくり①（被子植物）		啓林館	26F進行表オモテ【中学理科】.xls
sci-g1-keirin-0003	理科	中1	3	1	1-3	花のつくり②（裸子植物）		啓林館	26F進行表オモテ【中学理科】.xls
sci-g1-keirin-0004	理科	中1	4	1	1-4	被子植物の分類		啓林館	26F進行表オモテ【中学理科】.xls
sci-g1-keirin-0005	理科	中1	5	1	1-5	植物の分類		啓林館	26F進行表オモテ【中学理科】.xls
sci-g1-keirin-0006	理科	中1	6	1	1-6	脊椎動物のなかま		啓林館	26F進行表オモテ【中学理科】.xls
sci-g1-keirin-0007	理科	中1	7	1	1-7	無脊椎動物のなかま		啓林館	26F進行表オモテ【中学理科】.xls
sci-g1-keirin-0008	理科	中1	8	4	4-3	地震		啓林館	26F進行表オモテ【中学理科】.xls
sci-g1-keirin-0009	理科	中1	9	4	4-4	地震の起こる原因		啓林館	26F進行表オモテ【中学理科】.xls
sci-g1-keirin-0010	理科	中1	10	4	4-1	火山		啓林館	26F進行表オモテ【中学理科】.xls
sci-g1-keirin-0011	理科	中1	11	4	4-2	火成岩		啓林館	26F進行表オモテ【中学理科】.xls
sci-g1-keirin-0012	理科	中1	12	4	4-5	地層のでき方と堆積岩		啓林館	26F進行表オモテ【中学理科】.xls
sci-g1-keirin-0013	理科	中1	13	4	4-6	化石と地層の観察		啓林館	26F進行表オモテ【中学理科】.xls
sci-g1-keirin-0014	理科	中1	14	2	2-1	物質の性質		啓林館	26F進行表オモテ【中学理科】.xls
sci-g1-keirin-0015	理科	中1	15	2	2-2	実験器具の使い方		啓林館	26F進行表オモテ【中学理科】.xls
sci-g1-keirin-0016	理科	中1	16	2	2-3	物質の密度		啓林館	26F進行表オモテ【中学理科】.xls
sci-g1-keirin-0017	理科	中1	17	2	2-4	気体の性質		啓林館	26F進行表オモテ【中学理科】.xls
sci-g1-keirin-0018	理科	中1	18	2	2-5	物質のとけ方①		啓林館	26F進行表オモテ【中学理科】.xls
sci-g1-keirin-0019	理科	中1	19	2	2-6	物質のとけ方②		啓林館	26F進行表オモテ【中学理科】.xls
sci-g1-keirin-0020	理科	中1	20	2	2-7	物質の状態変化		啓林館	26F進行表オモテ【中学理科】.xls
sci-g1-keirin-0021	理科	中1	21	2	2-8	状態変化と温度		啓林館	26F進行表オモテ【中学理科】.xls
sci-g1-keirin-0022	理科	中1	22	3	3-1	光の反射		啓林館	26F進行表オモテ【中学理科】.xls
sci-g1-keirin-0023	理科	中1	23	3	3-2	光の屈折		啓林館	26F進行表オモテ【中学理科】.xls
sci-g1-keirin-0024	理科	中1	24	3	3-3	凸レンズ		啓林館	26F進行表オモテ【中学理科】.xls
sci-g1-keirin-0025	理科	中1	25	3	3-4	音の伝わり方		啓林館	26F進行表オモテ【中学理科】.xls
sci-g1-keirin-0026	理科	中1	26	3	3-5	音の大きさと高さ		啓林館	26F進行表オモテ【中学理科】.xls
sci-g1-keirin-0027	理科	中1	27	3	3-6	力のはたらき		啓林館	26F進行表オモテ【中学理科】.xls
sci-g1-keirin-0028	理科	中1	28	3	3-7	力のつり合い		啓林館	26F進行表オモテ【中学理科】.xls
sci-g2-tosho-0001	理科	中2	1	[1年生] 3	3-1	光の反射		東書	26F進行表オモテ【中学理科】.xls
sci-g2-tosho-0002	理科	中2	2	[1年生] 3	3-2	光の屈折		東書	26F進行表オモテ【中学理科】.xls
sci-g2-tosho-0003	理科	中2	3	[1年生] 3	3-3	凸レンズ		東書	26F進行表オモテ【中学理科】.xls
sci-g2-tosho-0004	理科	中2	4	[1年生] 3	3-4	音の伝わり方		東書	26F進行表オモテ【中学理科】.xls
sci-g2-tosho-0005	理科	中2	5	[1年生] 3	3-5	音の大きさと高さ		東書	26F進行表オモテ【中学理科】.xls
sci-g2-tosho-0006	理科	中2	6	[1年生] 3	3-6	力のはたらき		東書	26F進行表オモテ【中学理科】.xls
sci-g2-tosho-0007	理科	中2	7	[1年生] 3	3-7	力のつり合い		東書	26F進行表オモテ【中学理科】.xls
sci-g2-tosho-0008	理科	中2	8	[1年生] 4	4-1	火山		東書	26F進行表オモテ【中学理科】.xls
sci-g2-tosho-0009	理科	中2	9	[1年生] 4	4-2	火成岩		東書	26F進行表オモテ【中学理科】.xls
sci-g2-tosho-0010	理科	中2	10	[1年生] 4	4-3	地震		東書	26F進行表オモテ【中学理科】.xls
sci-g2-tosho-0011	理科	中2	11	[1年生] 4	4-4	地震の起こる原因		東書	26F進行表オモテ【中学理科】.xls
sci-g2-tosho-0012	理科	中2	12	[1年生] 4	4-5	地層のでき方と堆積岩		東書	26F進行表オモテ【中学理科】.xls
sci-g2-tosho-0013	理科	中2	13	[1年生] 4	4-6	化石と地層の観察		東書	26F進行表オモテ【中学理科】.xls
sci-g2-tosho-0014	理科	中2	14	1	1-1	物質の分解①（熱分解）		東書	26F進行表オモテ【中学理科】.xls
sci-g2-tosho-0015	理科	中2	15	1	1-2	物質の分解②（電気分解）		東書	26F進行表オモテ【中学理科】.xls
sci-g2-tosho-0016	理科	中2	16	1	1-3	原子とその性質		東書	26F進行表オモテ【中学理科】.xls
sci-g2-tosho-0017	理科	中2	17	1	1-4	分子と化学式		東書	26F進行表オモテ【中学理科】.xls
sci-g2-tosho-0018	理科	中2	18	1	1-5	物質が結びつく変化		東書	26F進行表オモテ【中学理科】.xls
sci-g2-tosho-0019	理科	中2	19	1	1-6	化学反応式		東書	26F進行表オモテ【中学理科】.xls
sci-g2-tosho-0020	理科	中2	20	1	1-7	酸化		東書	26F進行表オモテ【中学理科】.xls
sci-g2-tosho-0021	理科	中2	21	1	1-8	還元		東書	26F進行表オモテ【中学理科】.xls
sci-g2-tosho-0022	理科	中2	22	1	1-9	化学変化と質量の変化①（質量保存の法則）		東書	26F進行表オモテ【中学理科】.xls
sci-g2-tosho-0023	理科	中2	23	1	1-10	化学変化と質量の変化②（金属の酸化）		東書	26F進行表オモテ【中学理科】.xls
sci-g2-tosho-0024	理科	中2	24	1	1-11	化学変化と熱		東書	26F進行表オモテ【中学理科】.xls
sci-g2-tosho-0025	理科	中2	25	2	2-1	顕微鏡の使い方		東書	26F進行表オモテ【中学理科】.xls
sci-g2-tosho-0026	理科	中2	26	2	2-2	生物と細胞		東書	26F進行表オモテ【中学理科】.xls
sci-g2-tosho-0027	理科	中2	27	2	2-3	光合成		東書	26F進行表オモテ【中学理科】.xls
sci-g2-tosho-0028	理科	中2	28	2	2-4	植物の呼吸		東書	26F進行表オモテ【中学理科】.xls
sci-g2-tosho-0029	理科	中2	29	2	2-5	葉のつくりとはたらき		東書	26F進行表オモテ【中学理科】.xls
sci-g2-tosho-0030	理科	中2	30	2	2-6	茎・根のつくりとはたらき		東書	26F進行表オモテ【中学理科】.xls
sci-g2-tosho-0031	理科	中2	31	2	2-7	消化と吸収①		東書	26F進行表オモテ【中学理科】.xls
sci-g2-tosho-0032	理科	中2	32	2	2-8	消化と吸収②		東書	26F進行表オモテ【中学理科】.xls
sci-g2-tosho-0033	理科	中2	33	2	2-9	呼吸のしくみ		東書	26F進行表オモテ【中学理科】.xls
sci-g2-tosho-0034	理科	中2	34	2	2-10	血液の循環		東書	26F進行表オモテ【中学理科】.xls
sci-g2-tosho-0035	理科	中2	35	2	2-11	血液の成分とはたらき		東書	26F進行表オモテ【中学理科】.xls
sci-g2-tosho-0036	理科	中2	36	2	2-12	排出		東書	26F進行表オモテ【中学理科】.xls
sci-g2-tosho-0037	理科	中2	37	2	2-13	刺激と反応		東書	26F進行表オモテ【中学理科】.xls
sci-g2-tosho-0038	理科	中2	38	2	2-14	神経系，動くためのしくみ		東書	26F進行表オモテ【中学理科】.xls
sci-g2-keirin-0001	理科	中2	1	[1年生] 4	4-3	地震		啓林館	26F進行表オモテ【中学理科】.xls
sci-g2-keirin-0002	理科	中2	2	[1年生] 4	4-4	地震の起こる原因		啓林館	26F進行表オモテ【中学理科】.xls
sci-g2-keirin-0003	理科	中2	3	[1年生] 4	4-1	火山		啓林館	26F進行表オモテ【中学理科】.xls
sci-g2-keirin-0004	理科	中2	4	[1年生] 4	4-2	火成岩		啓林館	26F進行表オモテ【中学理科】.xls
sci-g2-keirin-0005	理科	中2	5	[1年生] 4	4-5	地層のでき方と堆積岩		啓林館	26F進行表オモテ【中学理科】.xls
sci-g2-keirin-0006	理科	中2	6	[1年生] 4	4-6	化石と地層の観察		啓林館	26F進行表オモテ【中学理科】.xls
sci-g2-keirin-0007	理科	中2	7	[1年生] 3	3-1	光の反射		啓林館	26F進行表オモテ【中学理科】.xls
sci-g2-keirin-0008	理科	中2	8	[1年生] 3	3-2	光の屈折		啓林館	26F進行表オモテ【中学理科】.xls
sci-g2-keirin-0009	理科	中2	9	[1年生] 3	3-3	凸レンズ		啓林館	26F進行表オモテ【中学理科】.xls
sci-g2-keirin-0010	理科	中2	10	[1年生] 3	3-4	音の伝わり方		啓林館	26F進行表オモテ【中学理科】.xls
sci-g2-keirin-0011	理科	中2	11	[1年生] 3	3-5	音の大きさと高さ		啓林館	26F進行表オモテ【中学理科】.xls
sci-g2-keirin-0012	理科	中2	12	[1年生] 3	3-6	力のはたらき		啓林館	26F進行表オモテ【中学理科】.xls
sci-g2-keirin-0013	理科	中2	13	[1年生] 3	3-7	力のつり合い		啓林館	26F進行表オモテ【中学理科】.xls
sci-g2-keirin-0014	理科	中2	14	2	2-1	顕微鏡の使い方		啓林館	26F進行表オモテ【中学理科】.xls
sci-g2-keirin-0015	理科	中2	15	2	2-2	生物と細胞		啓林館	26F進行表オモテ【中学理科】.xls
sci-g2-keirin-0016	理科	中2	16	2	2-3	光合成		啓林館	26F進行表オモテ【中学理科】.xls
sci-g2-keirin-0017	理科	中2	17	2	2-4	植物の呼吸		啓林館	26F進行表オモテ【中学理科】.xls
sci-g2-keirin-0018	理科	中2	18	2	2-6	茎・根のつくりとはたらき		啓林館	26F進行表オモテ【中学理科】.xls
sci-g2-keirin-0019	理科	中2	19	2	2-5	葉のつくりとはたらき		啓林館	26F進行表オモテ【中学理科】.xls
sci-g2-keirin-0020	理科	中2	20	2	2-7	消化と吸収①		啓林館	26F進行表オモテ【中学理科】.xls
sci-g2-keirin-0021	理科	中2	21	2	2-8	消化と吸収②		啓林館	26F進行表オモテ【中学理科】.xls
sci-g2-keirin-0022	理科	中2	22	2	2-9	呼吸のしくみ		啓林館	26F進行表オモテ【中学理科】.xls
sci-g2-keirin-0023	理科	中2	23	2	2-12	排出		啓林館	26F進行表オモテ【中学理科】.xls
sci-g2-keirin-0024	理科	中2	24	2	2-10	血液の循環		啓林館	26F進行表オモテ【中学理科】.xls
sci-g2-keirin-0025	理科	中2	25	2	2-11	血液の成分とはたらき		啓林館	26F進行表オモテ【中学理科】.xls
sci-g2-keirin-0026	理科	中2	26	2	2-13	刺激と反応		啓林館	26F進行表オモテ【中学理科】.xls
sci-g2-keirin-0027	理科	中2	27	2	2-14	神経系，動くためのしくみ		啓林館	26F進行表オモテ【中学理科】.xls
sci-g2-keirin-0028	理科	中2	28	3	3-1	圧力と大気圧		啓林館	26F進行表オモテ【中学理科】.xls
sci-g2-keirin-0029	理科	中2	29	3	3-2	気象の観測		啓林館	26F進行表オモテ【中学理科】.xls
sci-g2-keirin-0030	理科	中2	30	3	3-4	空気中の水蒸気		啓林館	26F進行表オモテ【中学理科】.xls
sci-g2-keirin-0031	理科	中2	31	3	3-5	水蒸気と雲		啓林館	26F進行表オモテ【中学理科】.xls
sci-g2-keirin-0032	理科	中2	32	3	3-3	気圧と風のふき方		啓林館	26F進行表オモテ【中学理科】.xls
sci-g2-keirin-0033	理科	中2	33	3	3-6	前線と天気の変化		啓林館	26F進行表オモテ【中学理科】.xls
sci-g2-keirin-0034	理科	中2	34	3	3-7	大気の動きと天気		啓林館	26F進行表オモテ【中学理科】.xls
sci-g2-keirin-0035	理科	中2	35	3	3-8	日本の天気		啓林館	26F進行表オモテ【中学理科】.xls
sci-g3-tosho-0001	理科	中3	1	[2年生] 3	3-1	圧力と大気圧		東書	26F進行表オモテ【中学理科】.xls
sci-g3-tosho-0002	理科	中3	2	[2年生] 3	3-2	気象の観測		東書	26F進行表オモテ【中学理科】.xls
sci-g3-tosho-0003	理科	中3	3	[2年生] 3	3-3	気圧と風のふき方		東書	26F進行表オモテ【中学理科】.xls
sci-g3-tosho-0004	理科	中3	4	[2年生] 3	3-4	空気中の水蒸気		東書	26F進行表オモテ【中学理科】.xls
sci-g3-tosho-0005	理科	中3	5	[2年生] 3	3-5	水蒸気と雲		東書	26F進行表オモテ【中学理科】.xls
sci-g3-tosho-0006	理科	中3	6	[2年生] 3	3-6	前線と天気の変化		東書	26F進行表オモテ【中学理科】.xls
sci-g3-tosho-0007	理科	中3	7	[2年生] 3	3-7	大気の動きと天気		東書	26F進行表オモテ【中学理科】.xls
sci-g3-tosho-0008	理科	中3	8	[2年生] 3	3-8	日本の天気		東書	26F進行表オモテ【中学理科】.xls
sci-g3-tosho-0009	理科	中3	9	[2年生] 4	4-1	静電気		東書	26F進行表オモテ【中学理科】.xls
sci-g3-tosho-0010	理科	中3	10	[2年生] 4	4-2	電流の正体，放射線		東書	26F進行表オモテ【中学理科】.xls
sci-g3-tosho-0011	理科	中3	11	[2年生] 4	4-3	回路と電流・電圧		東書	26F進行表オモテ【中学理科】.xls
sci-g3-tosho-0012	理科	中3	12	[2年生] 4	4-4	電流・電圧の大きさ		東書	26F進行表オモテ【中学理科】.xls
sci-g3-tosho-0013	理科	中3	13	[2年生] 4	4-5	電流・電圧・抵抗		東書	26F進行表オモテ【中学理科】.xls
sci-g3-tosho-0014	理科	中3	14	[2年生] 4	4-6	電力と電力量		東書	26F進行表オモテ【中学理科】.xls
sci-g3-tosho-0015	理科	中3	15	[2年生] 4	4-7	電流による発熱	!	東書	26F進行表オモテ【中学理科】.xls
sci-g3-tosho-0016	理科	中3	16	[2年生] 4	4-8	電流と磁界①（導線のまわりの磁界）		東書	26F進行表オモテ【中学理科】.xls
sci-g3-tosho-0017	理科	中3	17	[2年生] 4	4-9	電流と磁界②（コイルのまわりの磁界）		東書	26F進行表オモテ【中学理科】.xls
sci-g3-tosho-0018	理科	中3	18	[2年生] 4	4-10	電流と力		東書	26F進行表オモテ【中学理科】.xls
sci-g3-tosho-0019	理科	中3	19	[2年生] 4	4-11	電磁誘導，直流と交流		東書	26F進行表オモテ【中学理科】.xls
sci-g3-tosho-0020	理科	中3	20	1	1-1	原子とイオン		東書	26F進行表オモテ【中学理科】.xls
sci-g3-tosho-0021	理科	中3	21	1	1-2	水溶液と電流		東書	26F進行表オモテ【中学理科】.xls
sci-g3-tosho-0022	理科	中3	22	1	1-3	イオンと電気分解①（塩化銅の電気分解）		東書	26F進行表オモテ【中学理科】.xls
sci-g3-tosho-0023	理科	中3	23	1	1-4	イオンと電気分解②（塩酸の電気分解）		東書	26F進行表オモテ【中学理科】.xls
sci-g3-tosho-0024	理科	中3	24	1	1-7	酸・アルカリとイオン		東書	26F進行表オモテ【中学理科】.xls
sci-g3-tosho-0025	理科	中3	25	1	1-8	中和と塩		東書	26F進行表オモテ【中学理科】.xls
sci-g3-tosho-0026	理科	中3	26	1	1-5	金属のイオンへのなりやすさ		東書	26F進行表オモテ【中学理科】.xls
sci-g3-tosho-0027	理科	中3	27	1	1-6	電池		東書	26F進行表オモテ【中学理科】.xls
sci-g3-tosho-0028	理科	中3	28	2	2-1	細胞分裂と生物の成長		東書	26F進行表オモテ【中学理科】.xls
sci-g3-tosho-0029	理科	中3	29	2	2-2	生物のふえ方①（無性生殖）		東書	26F進行表オモテ【中学理科】.xls
sci-g3-tosho-0030	理科	中3	30	2	2-3	生物のふえ方②（有性生殖）		東書	26F進行表オモテ【中学理科】.xls
sci-g3-tosho-0031	理科	中3	31	2	2-4	遺伝の規則性		東書	26F進行表オモテ【中学理科】.xls
sci-g3-tosho-0032	理科	中3	32	2	2-5	遺伝子とその利用		東書	26F進行表オモテ【中学理科】.xls
sci-g3-tosho-0033	理科	中3	33	2	2-6	生物の進化		東書	26F進行表オモテ【中学理科】.xls
sci-g3-keirin-0001	理科	中3	1	[2年生] 3	3-1	圧力と大気圧		啓林館	26F進行表オモテ【中学理科】.xls
sci-g3-keirin-0002	理科	中3	2	[2年生] 3	3-2	気象の観測		啓林館	26F進行表オモテ【中学理科】.xls
sci-g3-keirin-0003	理科	中3	3	[2年生] 3	3-4	空気中の水蒸気		啓林館	26F進行表オモテ【中学理科】.xls
sci-g3-keirin-0004	理科	中3	4	[2年生] 3	3-5	水蒸気と雲		啓林館	26F進行表オモテ【中学理科】.xls
sci-g3-keirin-0005	理科	中3	5	[2年生] 3	3-3	気圧と風のふき方		啓林館	26F進行表オモテ【中学理科】.xls
sci-g3-keirin-0006	理科	中3	6	[2年生] 3	3-6	前線と天気の変化		啓林館	26F進行表オモテ【中学理科】.xls
sci-g3-keirin-0007	理科	中3	7	[2年生] 3	3-7	大気の動きと天気		啓林館	26F進行表オモテ【中学理科】.xls
sci-g3-keirin-0008	理科	中3	8	[2年生] 3	3-8	日本の天気		啓林館	26F進行表オモテ【中学理科】.xls
sci-g3-keirin-0009	理科	中3	9	[2年生] 4	4-3	回路と電流・電圧		啓林館	26F進行表オモテ【中学理科】.xls
sci-g3-keirin-0010	理科	中3	10	[2年生] 4	4-4	電流・電圧の大きさ		啓林館	26F進行表オモテ【中学理科】.xls
sci-g3-keirin-0011	理科	中3	11	[2年生] 4	4-5	電流・電圧・抵抗		啓林館	26F進行表オモテ【中学理科】.xls
sci-g3-keirin-0012	理科	中3	12	[2年生] 4	4-6	電力と電力量		啓林館	26F進行表オモテ【中学理科】.xls
sci-g3-keirin-0013	理科	中3	13	[2年生] 4	4-7	電流による発熱	!	啓林館	26F進行表オモテ【中学理科】.xls
sci-g3-keirin-0014	理科	中3	14	[2年生] 4	4-1	静電気		啓林館	26F進行表オモテ【中学理科】.xls
sci-g3-keirin-0015	理科	中3	15	[2年生] 4	4-2	電流の正体，放射線		啓林館	26F進行表オモテ【中学理科】.xls
sci-g3-keirin-0016	理科	中3	16	[2年生] 4	4-8	電流と磁界①（導線のまわりの磁界）		啓林館	26F進行表オモテ【中学理科】.xls
sci-g3-keirin-0017	理科	中3	17	[2年生] 4	4-9	電流と磁界②（コイルのまわりの磁界）		啓林館	26F進行表オモテ【中学理科】.xls
sci-g3-keirin-0018	理科	中3	18	[2年生] 4	4-10	電流と力		啓林館	26F進行表オモテ【中学理科】.xls
sci-g3-keirin-0019	理科	中3	19	[2年生] 4	4-11	電磁誘導，直流と交流		啓林館	26F進行表オモテ【中学理科】.xls
sci-g3-keirin-0020	理科	中3	20	2	2-1	細胞分裂と生物の成長		啓林館	26F進行表オモテ【中学理科】.xls
sci-g3-keirin-0021	理科	中3	21	2	2-2	生物のふえ方①（無性生殖）		啓林館	26F進行表オモテ【中学理科】.xls
sci-g3-keirin-0022	理科	中3	22	2	2-3	生物のふえ方②（有性生殖）		啓林館	26F進行表オモテ【中学理科】.xls
sci-g3-keirin-0023	理科	中3	23	2	2-4	遺伝の規則性		啓林館	26F進行表オモテ【中学理科】.xls
sci-g3-keirin-0024	理科	中3	24	2	2-5	遺伝子とその利用		啓林館	26F進行表オモテ【中学理科】.xls
sci-g3-keirin-0025	理科	中3	25	2	2-6	生物の進化		啓林館	26F進行表オモテ【中学理科】.xls
sci-g3-keirin-0026	理科	中3	26	4	4-1	太陽		啓林館	26F進行表オモテ【中学理科】.xls
sci-g3-keirin-0027	理科	中3	27	4	4-9	太陽系と宇宙の広がり		啓林館	26F進行表オモテ【中学理科】.xls
sci-g3-keirin-0028	理科	中3	28	4	4-2	太陽と地球の１日の動き		啓林館	26F進行表オモテ【中学理科】.xls
sci-g3-keirin-0029	理科	中3	29	4	4-5	季節の変化と太陽の動き		啓林館	26F進行表オモテ【中学理科】.xls
sci-g3-keirin-0030	理科	中3	30	4	4-6	季節の変化と星座の見え方		啓林館	26F進行表オモテ【中学理科】.xls
sci-g3-keirin-0031	理科	中3	31	4	4-3	星の１日の動き		啓林館	26F進行表オモテ【中学理科】.xls
sci-g3-keirin-0032	理科	中3	32	4	4-4	天体の１年の動き		啓林館	26F進行表オモテ【中学理科】.xls
sci-g3-keirin-0033	理科	中3	33	4	4-7	月の見え方		啓林館	26F進行表オモテ【中学理科】.xls
sci-g3-keirin-0034	理科	中3	34	4	4-8	金星の見え方		啓林館	26F進行表オモテ【中学理科】.xls
soc-history-tosho-0001	社会	共通	1	歴史 第1章	歴史 1-1	時代の表し方と区分		東書	26F進行表オモテ【中学社会】.xls
soc-history-tosho-0002	社会	共通	2	歴史 第2章	歴史 2-1	人類の出現と生活		東書	26F進行表オモテ【中学社会】.xls
soc-history-tosho-0003	社会	共通	3	歴史 第2章	歴史 2-2	文明の発生		東書	26F進行表オモテ【中学社会】.xls
soc-history-tosho-0004	社会	共通	4	歴史 第2章	歴史 2-3	旧石器時代と縄文時代のくらし		東書	26F進行表オモテ【中学社会】.xls
soc-history-tosho-0005	社会	共通	5	歴史 第2章	歴史 2-4	弥生時代のくらし		東書	26F進行表オモテ【中学社会】.xls
soc-history-tosho-0006	社会	共通	6	歴史 第2章	歴史 2-5	邪馬台国と大和政権		東書	26F進行表オモテ【中学社会】.xls
soc-history-tosho-0007	社会	共通	7	歴史 第2章	歴史 2-6	古墳時代と渡来人		東書	26F進行表オモテ【中学社会】.xls
soc-history-tosho-0008	社会	共通	8	歴史 第2章	歴史 2-7	聖徳太子の政治と律令国家の形成		東書	26F進行表オモテ【中学社会】.xls
soc-history-tosho-0009	社会	共通	9	歴史 第2章	歴史 2-8	飛鳥文化と天平文化		東書	26F進行表オモテ【中学社会】.xls
soc-history-tosho-0010	社会	共通	10	歴史 第2章	歴史 2-9	平安京と摂関政治		東書	26F進行表オモテ【中学社会】.xls
soc-history-tosho-0011	社会	共通	11	歴史 第2章	歴史 2-10	東アジアの変化と国風文化		東書	26F進行表オモテ【中学社会】.xls
soc-history-tosho-0012	社会	共通	12	歴史 第3章	歴史 3-1	武士の台頭と院政		東書	26F進行表オモテ【中学社会】.xls
soc-history-tosho-0013	社会	共通	13	歴史 第3章	歴史 3-2	鎌倉幕府の成立		東書	26F進行表オモテ【中学社会】.xls
soc-history-tosho-0014	社会	共通	14	歴史 第3章	歴史 3-3	鎌倉時代の文化と民衆の生活		東書	26F進行表オモテ【中学社会】.xls
soc-history-tosho-0015	社会	共通	15	歴史 第3章	歴史 3-4	元寇と鎌倉幕府の滅亡		東書	26F進行表オモテ【中学社会】.xls
soc-history-tosho-0016	社会	共通	16	歴史 第3章	歴史 3-5	室町幕府の成立と都市の発達		東書	26F進行表オモテ【中学社会】.xls
soc-history-tosho-0017	社会	共通	17	歴史 第3章	歴史 3-6	戦乱と文化		東書	26F進行表オモテ【中学社会】.xls
soc-history-tosho-0018	社会	共通	18	歴史 第4章	歴史 4-1	イスラム教とヨーロッパ諸国の発展		東書	26F進行表オモテ【中学社会】.xls
soc-history-tosho-0019	社会	共通	19	歴史 第4章	歴史 4-2	ヨーロッパ諸国の海外進出と日本への来航		東書	26F進行表オモテ【中学社会】.xls
soc-history-tosho-0020	社会	共通	20	歴史 第4章	歴史 4-3	信長・秀吉の統一事業		東書	26F進行表オモテ【中学社会】.xls
soc-history-tosho-0021	社会	共通	21	歴史 第4章	歴史 4-4	桃山文化		東書	26F進行表オモテ【中学社会】.xls
soc-history-tosho-0022	社会	共通	22	歴史 第5章	歴史 5-1	江戸幕府の成立		東書	26F進行表オモテ【中学社会】.xls
soc-history-tosho-0023	社会	共通	23	歴史 第5章	歴史 5-2	幕府のしくみと身分制度		東書	26F進行表オモテ【中学社会】.xls
soc-history-tosho-0024	社会	共通	24	歴史 第5章	歴史 5-3	鎖国		東書	26F進行表オモテ【中学社会】.xls
soc-history-tosho-0025	社会	共通	25	歴史 第5章	歴史 5-4	鎖国下での対外関係		東書	26F進行表オモテ【中学社会】.xls
soc-history-tosho-0026	社会	共通	26	歴史 第5章	歴史 5-5	産業の発達		東書	26F進行表オモテ【中学社会】.xls
soc-history-tosho-0027	社会	共通	27	歴史 第5章	歴史 5-6	元禄文化		東書	26F進行表オモテ【中学社会】.xls
soc-history-tosho-0028	社会	共通	28	歴史 第5章	歴史 5-7	幕府政治の乱れ		東書	26F進行表オモテ【中学社会】.xls
soc-history-tosho-0029	社会	共通	29	歴史 第5章	歴史 5-8	社会の変化		東書	26F進行表オモテ【中学社会】.xls
soc-history-tosho-0030	社会	共通	30	歴史 第5章	歴史 5-9	外国船の来航		東書	26F進行表オモテ【中学社会】.xls
soc-history-tosho-0031	社会	共通	31	歴史 第5章	歴史 5-10	新しい学問と化政文化		東書	26F進行表オモテ【中学社会】.xls
soc-history-tosho-0032	社会	共通	32	歴史 第6章	歴史 6-1	市民革命		東書	26F進行表オモテ【中学社会】.xls
soc-history-tosho-0033	社会	共通	33	歴史 第6章	歴史 6-3	欧米諸国の発展		東書	26F進行表オモテ【中学社会】.xls
soc-history-tosho-0034	社会	共通	34	歴史 第6章	歴史 6-2	産業革命		東書	26F進行表オモテ【中学社会】.xls
soc-history-tosho-0035	社会	共通	35	歴史 第6章	歴史 6-4	欧米諸国のアジア侵略		東書	26F進行表オモテ【中学社会】.xls
soc-history-tosho-0036	社会	共通	36	歴史 第6章	歴史 6-5	開国		東書	26F進行表オモテ【中学社会】.xls
soc-history-tosho-0037	社会	共通	37	歴史 第6章	歴史 6-6	江戸幕府の滅亡		東書	26F進行表オモテ【中学社会】.xls
soc-history-tosho-0038	社会	共通	38	歴史 第6章	歴史 6-7	明治政府の成立		東書	26F進行表オモテ【中学社会】.xls
soc-history-tosho-0039	社会	共通	39	歴史 第6章	歴史 6-8	維新の改革と文明開化		東書	26F進行表オモテ【中学社会】.xls
soc-history-tosho-0040	社会	共通	40	歴史 第7章	歴史 7-1	近代産業と国際関係		東書	26F進行表オモテ【中学社会】.xls
soc-history-tosho-0041	社会	共通	41	歴史 第7章	歴史 7-2	自由民権運動		東書	26F進行表オモテ【中学社会】.xls
soc-history-tosho-0042	社会	共通	42	歴史 第7章	歴史 7-3	大日本帝国憲法と帝国議会		東書	26F進行表オモテ【中学社会】.xls
soc-history-tosho-0043	社会	共通	43	歴史 第7章	歴史 7-4	条約改正と日清戦争		東書	26F進行表オモテ【中学社会】.xls
soc-history-tosho-0044	社会	共通	44	歴史 第7章	歴史 7-5	日露戦争と東アジア情勢		東書	26F進行表オモテ【中学社会】.xls
soc-history-tosho-0045	社会	共通	45	歴史 第7章	歴史 7-6	産業革命の進展		東書	26F進行表オモテ【中学社会】.xls
soc-history-tosho-0046	社会	共通	46	歴史 第7章	歴史 7-7	社会運動の発展		東書	26F進行表オモテ【中学社会】.xls
soc-history-tosho-0047	社会	共通	47	歴史 第7章	歴史 7-8	近代文化の形成		東書	26F進行表オモテ【中学社会】.xls
soc-history-kyoiku-0001	社会	共通	1	歴史 第1章	歴史 1-1	時代の表し方と区分		教出	26F進行表オモテ【中学社会】.xls
soc-history-kyoiku-0002	社会	共通	2	歴史 第2章	歴史 2-1	人類の出現と生活		教出	26F進行表オモテ【中学社会】.xls
soc-history-kyoiku-0003	社会	共通	3	歴史 第2章	歴史 2-2	文明の発生		教出	26F進行表オモテ【中学社会】.xls
soc-history-kyoiku-0004	社会	共通	4	歴史 第2章	歴史 2-3	旧石器時代と縄文時代のくらし		教出	26F進行表オモテ【中学社会】.xls
soc-history-kyoiku-0005	社会	共通	5	歴史 第2章	歴史 2-4	弥生時代のくらし		教出	26F進行表オモテ【中学社会】.xls
soc-history-kyoiku-0006	社会	共通	6	歴史 第2章	歴史 2-5	邪馬台国と大和政権		教出	26F進行表オモテ【中学社会】.xls
soc-history-kyoiku-0007	社会	共通	7	歴史 第2章	歴史 2-6	古墳時代と渡来人		教出	26F進行表オモテ【中学社会】.xls
soc-history-kyoiku-0008	社会	共通	8	歴史 第2章	歴史 2-7	聖徳太子の政治と律令国家の形成		教出	26F進行表オモテ【中学社会】.xls
soc-history-kyoiku-0009	社会	共通	9	歴史 第2章	歴史 2-8	飛鳥文化と天平文化		教出	26F進行表オモテ【中学社会】.xls
soc-history-kyoiku-0010	社会	共通	10	歴史 第2章	歴史 2-9	平安京と摂関政治		教出	26F進行表オモテ【中学社会】.xls
soc-history-kyoiku-0011	社会	共通	11	歴史 第2章	歴史 2-10	東アジアの変化と国風文化		教出	26F進行表オモテ【中学社会】.xls
soc-history-kyoiku-0012	社会	共通	12	歴史 第3章	歴史 3-1	武士の台頭と院政		教出	26F進行表オモテ【中学社会】.xls
soc-history-kyoiku-0013	社会	共通	13	歴史 第3章	歴史 3-2	鎌倉幕府の成立		教出	26F進行表オモテ【中学社会】.xls
soc-history-kyoiku-0014	社会	共通	14	歴史 第3章	歴史 3-3	鎌倉時代の文化と民衆の生活		教出	26F進行表オモテ【中学社会】.xls
soc-history-kyoiku-0015	社会	共通	15	歴史 第3章	歴史 3-4	元寇と鎌倉幕府の滅亡		教出	26F進行表オモテ【中学社会】.xls
soc-history-kyoiku-0016	社会	共通	16	歴史 第3章	歴史 3-5	室町幕府の成立と都市の発達		教出	26F進行表オモテ【中学社会】.xls
soc-history-kyoiku-0017	社会	共通	17	歴史 第3章	歴史 3-6	戦乱と文化		教出	26F進行表オモテ【中学社会】.xls
soc-history-kyoiku-0018	社会	共通	18	歴史 第4章	歴史 4-1	イスラム教とヨーロッパ諸国の発展		教出	26F進行表オモテ【中学社会】.xls
soc-history-kyoiku-0019	社会	共通	19	歴史 第4章	歴史 4-2	ヨーロッパ諸国の海外進出と日本への来航		教出	26F進行表オモテ【中学社会】.xls
soc-history-kyoiku-0020	社会	共通	20	歴史 第4章	歴史 4-3	信長・秀吉の統一事業		教出	26F進行表オモテ【中学社会】.xls
soc-history-kyoiku-0021	社会	共通	21	歴史 第4章	歴史 4-4	桃山文化		教出	26F進行表オモテ【中学社会】.xls
soc-history-kyoiku-0022	社会	共通	22	歴史 第5章	歴史 5-1	江戸幕府の成立		教出	26F進行表オモテ【中学社会】.xls
soc-history-kyoiku-0023	社会	共通	23	歴史 第5章	歴史 5-2	幕府のしくみと身分制度		教出	26F進行表オモテ【中学社会】.xls
soc-history-kyoiku-0024	社会	共通	24	歴史 第5章	歴史 5-3	鎖国		教出	26F進行表オモテ【中学社会】.xls
soc-history-kyoiku-0025	社会	共通	25	歴史 第5章	歴史 5-4	鎖国下での対外関係		教出	26F進行表オモテ【中学社会】.xls
soc-history-kyoiku-0026	社会	共通	26	歴史 第5章	歴史 5-5	産業の発達		教出	26F進行表オモテ【中学社会】.xls
soc-history-kyoiku-0027	社会	共通	27	歴史 第5章	歴史 5-6	元禄文化		教出	26F進行表オモテ【中学社会】.xls
soc-history-kyoiku-0028	社会	共通	28	歴史 第5章	歴史 5-7	幕府政治の乱れ		教出	26F進行表オモテ【中学社会】.xls
soc-history-kyoiku-0029	社会	共通	29	歴史 第5章	歴史 5-8	社会の変化		教出	26F進行表オモテ【中学社会】.xls
soc-history-kyoiku-0030	社会	共通	30	歴史 第5章	歴史 5-9	外国船の来航		教出	26F進行表オモテ【中学社会】.xls
soc-history-kyoiku-0031	社会	共通	31	歴史 第5章	歴史 5-10	新しい学問と化政文化		教出	26F進行表オモテ【中学社会】.xls
soc-history-kyoiku-0032	社会	共通	32	歴史 第6章	歴史 6-1	市民革命		教出	26F進行表オモテ【中学社会】.xls
soc-history-kyoiku-0033	社会	共通	33	歴史 第6章	歴史 6-2	産業革命		教出	26F進行表オモテ【中学社会】.xls
soc-history-kyoiku-0034	社会	共通	34	歴史 第6章	歴史 6-3	欧米諸国の発展		教出	26F進行表オモテ【中学社会】.xls
soc-history-kyoiku-0035	社会	共通	35	歴史 第6章	歴史 6-4	欧米諸国のアジア侵略		教出	26F進行表オモテ【中学社会】.xls
soc-history-kyoiku-0036	社会	共通	36	歴史 第6章	歴史 6-5	開国		教出	26F進行表オモテ【中学社会】.xls
soc-history-kyoiku-0037	社会	共通	37	歴史 第6章	歴史 6-6	江戸幕府の滅亡		教出	26F進行表オモテ【中学社会】.xls
soc-history-kyoiku-0038	社会	共通	38	歴史 第6章	歴史 6-7	明治政府の成立		教出	26F進行表オモテ【中学社会】.xls
soc-history-kyoiku-0039	社会	共通	39	歴史 第6章	歴史 6-8	維新の改革と文明開化		教出	26F進行表オモテ【中学社会】.xls
soc-history-kyoiku-0040	社会	共通	40	歴史 第7章	歴史 7-1	近代産業と国際関係		教出	26F進行表オモテ【中学社会】.xls
soc-history-kyoiku-0041	社会	共通	41	歴史 第7章	歴史 7-2	自由民権運動		教出	26F進行表オモテ【中学社会】.xls
soc-history-kyoiku-0042	社会	共通	42	歴史 第7章	歴史 7-3	大日本帝国憲法と帝国議会		教出	26F進行表オモテ【中学社会】.xls
soc-history-kyoiku-0043	社会	共通	43	歴史 第7章	歴史 7-4	条約改正と日清戦争		教出	26F進行表オモテ【中学社会】.xls
soc-history-kyoiku-0044	社会	共通	44	歴史 第7章	歴史 7-5	日露戦争と東アジア情勢		教出	26F進行表オモテ【中学社会】.xls
soc-history-kyoiku-0045	社会	共通	45	歴史 第7章	歴史 7-6	産業革命の進展		教出	26F進行表オモテ【中学社会】.xls
soc-history-kyoiku-0046	社会	共通	46	歴史 第7章	歴史 7-7	社会運動の発展		教出	26F進行表オモテ【中学社会】.xls
soc-history-kyoiku-0047	社会	共通	47	歴史 第7章	歴史 7-8	近代文化の形成		教出	26F進行表オモテ【中学社会】.xls
soc-geography-tosho-0001	社会	共通	1	地理 第1章	地理 1-1	地球の姿		東書	26F進行表オモテ【中学社会】.xls
soc-geography-tosho-0002	社会	共通	2	地理 第1章	地理 1-2	国家の特徴		東書	26F進行表オモテ【中学社会】.xls
soc-geography-tosho-0003	社会	共通	3	地理 第1章	地理 1-3	地球上の位置		東書	26F進行表オモテ【中学社会】.xls
soc-geography-tosho-0004	社会	共通	4	地理 第1章	地理 1-4	地球の動き		東書	26F進行表オモテ【中学社会】.xls
soc-geography-tosho-0005	社会	共通	5	地理 第1章	地理 1-5	さまざまな図法		東書	26F進行表オモテ【中学社会】.xls
soc-geography-tosho-0006	社会	共通	6	地理 第1章	地理 1-6	時差と日本の位置		東書	26F進行表オモテ【中学社会】.xls
soc-geography-tosho-0007	社会	共通	7	地理 第1章	地理 1-7	時差の求め方		東書	26F進行表オモテ【中学社会】.xls
soc-geography-tosho-0008	社会	共通	8	地理 第1章	地理 1-8	日本の領域		東書	26F進行表オモテ【中学社会】.xls
soc-geography-tosho-0009	社会	共通	9	地理 第1章	地理 1-9	日本の周辺地域と領土問題		東書	26F進行表オモテ【中学社会】.xls
soc-geography-tosho-0010	社会	共通	10	地理 第1章	地理 1-10	都道府県と地方区分		東書	26F進行表オモテ【中学社会】.xls
soc-geography-tosho-0011	社会	共通	11	地理 第2章	地理 2-3	世界各地の気候と人々の生活①		東書	26F進行表オモテ【中学社会】.xls
soc-geography-tosho-0012	社会	共通	12	地理 第2章	地理 2-4	世界各地の気候と人々の生活②		東書	26F進行表オモテ【中学社会】.xls
soc-geography-tosho-0013	社会	共通	13	地理 第2章	地理 2-5	世界各地の気候と人々の生活③		東書	26F進行表オモテ【中学社会】.xls
soc-geography-tosho-0014	社会	共通	14	地理 第2章	地理 2-1	気候帯の分布		東書	26F進行表オモテ【中学社会】.xls
soc-geography-tosho-0015	社会	共通	15	地理 第2章	地理 2-2	気候区分		東書	26F進行表オモテ【中学社会】.xls
soc-geography-tosho-0016	社会	共通	16	地理 第2章	地理 2-6	世界の宗教		東書	26F進行表オモテ【中学社会】.xls
soc-geography-tosho-0017	社会	共通	17	地理 第3章	地理 3-1	アジアの自然環境と産業		東書	26F進行表オモテ【中学社会】.xls
soc-geography-tosho-0018	社会	共通	18	地理 第3章	地理 3-2	中国とインド		東書	26F進行表オモテ【中学社会】.xls
soc-geography-tosho-0019	社会	共通	19	地理 第3章	地理 3-3	東南アジア		東書	26F進行表オモテ【中学社会】.xls
soc-geography-tosho-0020	社会	共通	20	地理 第3章	地理 3-4	西アジアと中央アジア		東書	26F進行表オモテ【中学社会】.xls
soc-geography-tosho-0021	社会	共通	21	地理 第3章	地理 3-5	ヨーロッパの自然環境と産業		東書	26F進行表オモテ【中学社会】.xls
soc-geography-tosho-0022	社会	共通	22	地理 第3章	地理 3-6	ヨーロッパの文化とEU		東書	26F進行表オモテ【中学社会】.xls
soc-geography-tosho-0023	社会	共通	23	地理 第3章	地理 3-7	アフリカの自然と歴史		東書	26F進行表オモテ【中学社会】.xls
soc-geography-tosho-0024	社会	共通	24	地理 第3章	地理 3-8	アフリカの産業と地域統合		東書	26F進行表オモテ【中学社会】.xls
soc-geography-tosho-0025	社会	共通	25	地理 第3章	地理 3-9	北アメリカの自然環境と言語・宗教		東書	26F進行表オモテ【中学社会】.xls
soc-geography-tosho-0026	社会	共通	26	地理 第3章	地理 3-10	アメリカ合衆国の産業		東書	26F進行表オモテ【中学社会】.xls
soc-geography-tosho-0027	社会	共通	27	地理 第3章	地理 3-11	南アメリカの自然と歴史		東書	26F進行表オモテ【中学社会】.xls
soc-geography-tosho-0028	社会	共通	28	地理 第3章	地理 3-12	南アメリカの産業		東書	26F進行表オモテ【中学社会】.xls
soc-geography-tosho-0029	社会	共通	29	地理 第3章	地理 3-13	オセアニアの自然と歴史		東書	26F進行表オモテ【中学社会】.xls
soc-geography-tosho-0030	社会	共通	30	地理 第3章	地理 3-14	オーストラリアの資源と産業		東書	26F進行表オモテ【中学社会】.xls
soc-geography-tosho-0031	社会	共通	31	地理 第4章	地理 4-1	地域調査の方法		東書	26F進行表オモテ【中学社会】.xls
soc-geography-tosho-0032	社会	共通	32	地理 第4章	地理 4-2	地形図と地図記号		東書	26F進行表オモテ【中学社会】.xls
soc-geography-tosho-0033	社会	共通	33	地理 第4章	地理 4-3	地形図と等高線		東書	26F進行表オモテ【中学社会】.xls
soc-geography-tosho-0034	社会	共通	34	地理 第4章	地理 4-4	日本の山地・山脈と世界の地形		東書	26F進行表オモテ【中学社会】.xls
soc-geography-tosho-0035	社会	共通	35	地理 第4章	地理 4-6	日本の自然環境		東書	26F進行表オモテ【中学社会】.xls
soc-geography-tosho-0036	社会	共通	36	地理 第4章	地理 4-5	日本の海岸線と季節風		東書	26F進行表オモテ【中学社会】.xls
soc-geography-tosho-0037	社会	共通	37	地理 第4章	地理 4-7	日本の気候		東書	26F進行表オモテ【中学社会】.xls
soc-geography-tosho-0038	社会	共通	38	地理 第4章	地理 4-8	自然災害と環境保全		東書	26F進行表オモテ【中学社会】.xls
soc-geography-tosho-0039	社会	共通	39	地理 第4章	地理 4-9	日本の人口		東書	26F進行表オモテ【中学社会】.xls
soc-geography-tosho-0040	社会	共通	40	地理 第4章	地理 4-10	世界のエネルギー分布		東書	26F進行表オモテ【中学社会】.xls
soc-geography-tosho-0041	社会	共通	41	地理 第4章	地理 4-11	世界と日本の発電		東書	26F進行表オモテ【中学社会】.xls
soc-geography-tosho-0042	社会	共通	42	地理 第4章	地理 4-12	日本の農業の特色		東書	26F進行表オモテ【中学社会】.xls
soc-geography-tosho-0043	社会	共通	43	地理 第4章	地理 4-13	日本の水産業		東書	26F進行表オモテ【中学社会】.xls
soc-geography-tosho-0044	社会	共通	44	地理 第4章	地理 4-14	日本の工業		東書	26F進行表オモテ【中学社会】.xls
soc-geography-tosho-0045	社会	共通	45	地理 第4章	地理 4-15	産業の分類とサービス業		東書	26F進行表オモテ【中学社会】.xls
soc-geography-tosho-0046	社会	共通	46	地理 第4章	地理 4-16	日本の交通・通信網		東書	26F進行表オモテ【中学社会】.xls
soc-civics-tosho-0001	社会	共通	1	公民 第1章	公民 1-1	グローバル化と情報化		東書	26F進行表オモテ【中学社会】.xls
soc-civics-tosho-0002	社会	共通	2	公民 第1章	公民 1-2	現代社会の特色と少子高齢化		東書	26F進行表オモテ【中学社会】.xls
soc-civics-tosho-0003	社会	共通	3	公民 第1章	公民 1-3	伝統文化と多文化共生		東書	26F進行表オモテ【中学社会】.xls
soc-civics-tosho-0004	社会	共通	4	公民 第1章	公民 1-4	現代社会の見方・考え方		東書	26F進行表オモテ【中学社会】.xls
soc-civics-tosho-0005	社会	共通	5	公民 第2章	公民 2-1	人権の歴史		東書	26F進行表オモテ【中学社会】.xls
soc-civics-tosho-0006	社会	共通	6	公民 第2章	公民 2-2	日本の憲法		東書	26F進行表オモテ【中学社会】.xls
soc-civics-tosho-0007	社会	共通	7	公民 第2章	公民 2-3	日本国憲法の３つの基本原理		東書	26F進行表オモテ【中学社会】.xls
soc-civics-tosho-0008	社会	共通	8	公民 第2章	公民 2-4	天皇と平和主義		東書	26F進行表オモテ【中学社会】.xls
soc-civics-tosho-0009	社会	共通	9	公民 第2章	公民 2-5	平等権と自由権		東書	26F進行表オモテ【中学社会】.xls
soc-civics-tosho-0010	社会	共通	10	公民 第2章	公民 2-6	社会権,人権を確保するための権利		東書	26F進行表オモテ【中学社会】.xls
soc-civics-tosho-0011	社会	共通	11	公民 第2章	公民 2-7	人権の限界・制限と国民の義務		東書	26F進行表オモテ【中学社会】.xls
soc-civics-tosho-0012	社会	共通	12	公民 第2章	公民 2-8	新しい人権と世界の動き		東書	26F進行表オモテ【中学社会】.xls
soc-civics-tosho-0013	社会	共通	13	公民 第3章	公民 3-1	日本の選挙		東書	26F進行表オモテ【中学社会】.xls
soc-civics-tosho-0014	社会	共通	14	公民 第3章	公民 3-2	日本の政治		東書	26F進行表オモテ【中学社会】.xls
soc-civics-tosho-0015	社会	共通	15	公民 第3章	公民 3-3	国会の地位としくみ		東書	26F進行表オモテ【中学社会】.xls
soc-civics-tosho-0016	社会	共通	16	公民 第3章	公民 3-4	国会の仕事		東書	26F進行表オモテ【中学社会】.xls
soc-civics-tosho-0017	社会	共通	17	公民 第3章	公民 3-5	内閣		東書	26F進行表オモテ【中学社会】.xls
soc-civics-tosho-0018	社会	共通	18	公民 第3章	公民 3-6	裁判所		東書	26F進行表オモテ【中学社会】.xls
soc-civics-tosho-0019	社会	共通	19	公民 第3章	公民 3-7	三権分立		東書	26F進行表オモテ【中学社会】.xls
soc-civics-tosho-0020	社会	共通	20	公民 第3章	公民 3-8	地方自治		東書	26F進行表オモテ【中学社会】.xls
soc-civics-tosho-0021	社会	共通	21	公民 第4章	公民 4-1	経済と家計		東書	26F進行表オモテ【中学社会】.xls
soc-civics-tosho-0022	社会	共通	22	公民 第4章	公民 4-2	流通		東書	26F進行表オモテ【中学社会】.xls
soc-civics-tosho-0023	社会	共通	23	公民 第4章	公民 4-3	企業		東書	26F進行表オモテ【中学社会】.xls
soc-civics-tosho-0024	社会	共通	24	公民 第4章	公民 4-4	労働者の権利		東書	26F進行表オモテ【中学社会】.xls
soc-civics-tosho-0025	社会	共通	25	公民 第4章	公民 4-5	市場経済		東書	26F進行表オモテ【中学社会】.xls
soc-civics-tosho-0026	社会	共通	26	公民 第4章	公民 4-6	金融		東書	26F進行表オモテ【中学社会】.xls
soc-civics-tosho-0027	社会	共通	27	公民 第4章	公民 4-7	景気変動		東書	26F進行表オモテ【中学社会】.xls
soc-civics-tosho-0028	社会	共通	28	公民 第4章	公民 4-8	為替相場		東書	26F進行表オモテ【中学社会】.xls
soc-civics-tosho-0029	社会	共通	29	公民 第4章	公民 4-9	財政		東書	26F進行表オモテ【中学社会】.xls
soc-civics-tosho-0030	社会	共通	30	公民 第4章	公民 4-10	社会保障と環境の保全		東書	26F進行表オモテ【中学社会】.xls
soc-civics-tosho-0031	社会	共通	31	公民 第5章	公民 5-1	国際社会のしくみ		東書	26F進行表オモテ【中学社会】.xls
soc-civics-tosho-0032	社会	共通	32	公民 第5章	公民 5-2	国際問題と日本		東書	26F進行表オモテ【中学社会】.xls
