sci-g3-tosho-0001	理科	中3	1	[2年生] 3	3-1	圧力と大気圧		東書	26F進行表オモテ【中学理科】.xls
sci-g3-tosho-0002	理科	中3	2	[2年生] 3	3-2	気象の観測		東書	26F進行表オモテ【中学理科】.xls
sci-g3-tosho-0003	理科	中3	3	[2年生] 3	3-3	気圧と風のふき方		東書	26F進行表オモテ【中学理科】.xls
sci-g3-tosho-0004	理科	中3	4	[2年生] 3	3-4	空気中の水蒸気		東書	26F進行表オモテ【中学理科】.xls
sci-g3-tosho-0005	理科	中3	5	[2年生] 3	3-5	水蒸気と雲		東書	26F進行表オモテ【中学理科】.xls
sci-g3-tosho-0006	理科	中3	6	[2年生] 3	3-6	前線と天気の変化		東書	26F進行表オモテ【中学理科】.xls
sci-g3-tosho-0007	理科	中3	7	[2年生] 3	3-7	大気の動きと天気		東書	26F進行表オモテ【中学理科】.xls
sci-g3-tosho-0008	理科	中3	8	[2年生] 3	3-8	日本の天気		東書	26F進行表オモテ【中学理科】.xls
sci-g3-tosho-0009	理科	中3	9	[2年生] 4	4-1	静電気		東書	26F進行表オモテ【中学理科】.xls
sci-g3-tosho-0010	理科	中3	10	[2年生] 4	4-2	電流の正体，放射線		東書	26F進行表オモテ【中学理科】.xls
sci-g3-tosho-0011	理科	中3	11	[2年生] 4	4-3	回路と電流・電圧		東書	26F進行表オモテ【中学理科】.xls
sci-g3-tosho-0012	理科	中3	12	[2年生] 4	4-4	電流・電圧の大きさ		東書	26F進行表オモテ【中学理科】.xls
sci-g3-tosho-0013	理科	中3	13	[2年生] 4	4-5	電流・電圧・抵抗		東書	26F進行表オモテ【中学理科】.xls
sci-g3-tosho-0014	理科	中3	14	[2年生] 4	4-6	電力と電力量		東書	26F進行表オモテ【中学理科】.xls
sci-g3-tosho-0015	理科	中3	15	[2年生] 4	4-7	電流による発熱	!	東書	26F進行表オモテ【中学理科】.xls
sci-g3-tosho-0016	理科	中3	16	[2年生] 4	4-8	電流と磁界①（導線のまわりの磁界）		東書	26F進行表オモテ【中学理科】.xls
sci-g3-tosho-0017	理科	中3	17	[2年生] 4	4-9	電流と磁界②（コイルのまわりの磁界）		東書	26F進行表オモテ【中学理科】.xls
sci-g3-tosho-0018	理科	中3	18	[2年生] 4	4-10	電流と力		東書	26F進行表オモテ【中学理科】.xls
sci-g3-tosho-0019	理科	中3	19	[2年生] 4	4-11	電磁誘導，直流と交流		東書	26F進行表オモテ【中学理科】.xls
sci-g3-tosho-0020	理科	中3	20	1	1-1	原子とイオン		東書	26F進行表オモテ【中学理科】.xls
sci-g3-tosho-0021	理科	中3	21	1	1-2	水溶液と電流		東書	26F進行表オモテ【中学理科】.xls
sci-g3-tosho-0022	理科	中3	22	1	1-3	イオンと電気分解①（塩化銅の電気分解）		東書	26F進行表オモテ【中学理科】.xls
sci-g3-tosho-0023	理科	中3	23	1	1-4	イオンと電気分解②（塩酸の電気分解）		東書	26F進行表オモテ【中学理科】.xls
sci-g3-tosho-0024	理科	中3	24	1	1-7	酸・アルカリとイオン		東書	26F進行表オモテ【中学理科】.xls
sci-g3-tosho-0025	理科	中3	25	1	1-8	中和と塩		東書	26F進行表オモテ【中学理科】.xls
sci-g3-tosho-0026	理科	中3	26	1	1-5	金属のイオンへのなりやすさ		東書	26F進行表オモテ【中学理科】.xls
sci-g3-tosho-0027	理科	中3	27	1	1-6	電池		東書	26F進行表オモテ【中学理科】.xls
sci-g3-tosho-0028	理科	中3	28	2	2-1	細胞分裂と生物の成長		東書	26F進行表オモテ【中学理科】.xls
sci-g3-tosho-0029	理科	中3	29	2	2-2	生物のふえ方①（無性生殖）		東書	26F進行表オモテ【中学理科】.xls
sci-g3-tosho-0030	理科	中3	30	2	2-3	生物のふえ方②（有性生殖）		東書	26F進行表オモテ【中学理科】.xls
sci-g3-tosho-0031	理科	中3	31	2	2-4	遺伝の規則性		東書	26F進行表オモテ【中学理科】.xls
sci-g3-tosho-0032	理科	中3	32	2	2-5	遺伝子とその利用		東書	26F進行表オモテ【中学理科】.xls
sci-g3-tosho-0033	理科	中3	33	2	2-6	生物の進化		東書	26F進行表オモテ【中学理科】.xls
