sci-g2-keirin-0001	理科	中2	1	[1年生] 4	4-3	地震		啓林館	26F進行表オモテ【中学理科】.xls
sci-g2-keirin-0002	理科	中2	2	[1年生] 4	4-4	地震の起こる原因		啓林館	26F進行表オモテ【中学理科】.xls
sci-g2-keirin-0003	理科	中2	3	[1年生] 4	4-1	火山		啓林館	26F進行表オモテ【中学理科】.xls
sci-g2-keirin-0004	理科	中2	4	[1年生] 4	4-2	火成岩		啓林館	26F進行表オモテ【中学理科】.xls
sci-g2-keirin-0005	理科	中2	5	[1年生] 4	4-5	地層のでき方と堆積岩		啓林館	26F進行表オモテ【中学理科】.xls
sci-g2-keirin-0006	理科	中2	6	[1年生] 4	4-6	化石と地層の観察		啓林館	26F進行表オモテ【中学理科】.xls
sci-g2-keirin-0007	理科	中2	7	[1年生] 3	3-1	光の反射		啓林館	26F進行表オモテ【中学理科】.xls
sci-g2-keirin-0008	理科	中2	8	[1年生] 3	3-2	光の屈折		啓林館	26F進行表オモテ【中学理科】.xls
sci-g2-keirin-0009	理科	中2	9	[1年生] 3	3-3	凸レンズ		啓林館	26F進行表オモテ【中学理科】.xls
sci-g2-keirin-0010	理科	中2	10	[1年生] 3	3-4	音の伝わり方		啓林館	26F進行表オモテ【中学理科】.xls
sci-g2-keirin-0011	理科	中2	11	[1年生] 3	3-5	音の大きさと高さ		啓林館	26F進行表オモテ【中学理科】.xls
sci-g2-keirin-0012	理科	中2	12	[1年生] 3	3-6	力のはたらき		啓林館	26F進行表オモテ【中学理科】.xls
sci-g2-keirin-0013	理科	中2	13	[1年生] 3	3-7	力のつり合い		啓林館	26F進行表オモテ【中学理科】.xls
sci-g2-keirin-0014	理科	中2	14	2	2-1	顕微鏡の使い方		啓林館	26F進行表オモテ【中学理科】.xls
sci-g2-keirin-0015	理科	中2	15	2	2-2	生物と細胞		啓林館	26F進行表オモテ【中学理科】.xls
sci-g2-keirin-0016	理科	中2	16	2	2-3	光合成		啓林館	26F進行表オモテ【中学理科】.xls
sci-g2-keirin-0017	理科	中2	17	2	2-4	植物の呼吸		啓林館	26F進行表オモテ【中学理科】.xls
sci-g2-keirin-0018	理科	中2	18	2	2-6	茎・根のつくりとはたらき		啓林館	26F進行表オモテ【中学理科】.xls
sci-g2-keirin-0019	理科	中2	19	2	2-5	葉のつくりとはたらき		啓林館	26F進行表オモテ【中学理科】.xls
sci-g2-keirin-0020	理科	中2	20	2	2-7	消化と吸収①		啓林館	26F進行表オモテ【中学理科】.xls
sci-g2-keirin-0021	理科	中2	21	2	2-8	消化と吸収②		啓林館	26F進行表オモテ【中学理科】.xls
sci-g2-keirin-0022	理科	中2	22	2	2-9	呼吸のしくみ		啓林館	26F進行表オモテ【中学理科】.xls
sci-g2-keirin-0023	理科	中2	23	2	2-12	排出		啓林館	26F進行表オモテ【中学理科】.xls
sci-g2-keirin-0024	理科	中2	24	2	2-10	血液の循環		啓林館	26F進行表オモテ【中学理科】.xls
sci-g2-keirin-0025	理科	中2	25	2	2-11	血液の成分とはたらき		啓林館	26F進行表オモテ【中学理科】.xls
sci-g2-keirin-0026	理科	中2	26	2	2-13	刺激と反応		啓林館	26F進行表オモテ【中学理科】.xls
sci-g2-keirin-0027	理科	中2	27	2	2-14	神経系，動くためのしくみ		啓林館	26F進行表オモテ【中学理科】.xls
sci-g2-keirin-0028	理科	中2	28	3	3-1	圧力と大気圧		啓林館	26F進行表オモテ【中学理科】.xls
sci-g2-keirin-0029	理科	中2	29	3	3-2	気象の観測		啓林館	26F進行表オモテ【中学理科】.xls
sci-g2-keirin-0030	理科	中2	30	3	3-4	空気中の水蒸気		啓林館	26F進行表オモテ【中学理科】.xls
sci-g2-keirin-0031	理科	中2	31	3	3-5	水蒸気と雲		啓林館	26F進行表オモテ【中学理科】.xls
sci-g2-keirin-0032	理科	中2	32	3	3-3	気圧と風のふき方		啓林館	26F進行表オモテ【中学理科】.xls
sci-g2-keirin-0033	理科	中2	33	3	3-6	前線と天気の変化		啓林館	26F進行表オモテ【中学理科】.xls
sci-g2-keirin-0034	理科	中2	34	3	3-7	大気の動きと天気		啓林館	26F進行表オモテ【中学理科】.xls
sci-g2-keirin-0035	理科	中2	35	3	3-8	日本の天気		啓林館	26F進行表オモテ【中学理科】.xls
