soc-geography-tosho-0001	社会	共通	1	地理 第1章	地理 1-1	地球の姿		東書	26F進行表オモテ【中学社会】.xls
soc-geography-tosho-0002	社会	共通	2	地理 第1章	地理 1-2	国家の特徴		東書	26F進行表オモテ【中学社会】.xls
soc-geography-tosho-0003	社会	共通	3	地理 第1章	地理 1-3	地球上の位置		東書	26F進行表オモテ【中学社会】.xls
soc-geography-tosho-0004	社会	共通	4	地理 第1章	地理 1-4	地球の動き		東書	26F進行表オモテ【中学社会】.xls
soc-geography-tosho-0005	社会	共通	5	地理 第1章	地理 1-5	さまざまな図法		東書	26F進行表オモテ【中学社会】.xls
soc-geography-tosho-0006	社会	共通	6	地理 第1章	地理 1-6	時差と日本の位置		東書	26F進行表オモテ【中学社会】.xls
soc-geography-tosho-0007	社会	共通	7	地理 第1章	地理 1-7	時差の求め方		東書	26F進行表オモテ【中学社会】.xls
soc-geography-tosho-0008	社会	共通	8	地理 第1章	地理 1-8	日本の領域		東書	26F進行表オモテ【中学社会】.xls
soc-geography-tosho-0009	社会	共通	9	地理 第1章	地理 1-9	日本の周辺地域と領土問題		東書	26F進行表オモテ【中学社会】.xls
soc-geography-tosho-0010	社会	共通	10	地理 第1章	地理 1-10	都道府県と地方区分		東書	26F進行表オモテ【中学社会】.xls
soc-geography-tosho-0011	社会	共通	11	地理 第2章	地理 2-3	世界各地の気候と人々の生活①		東書	26F進行表オモテ【中学社会】.xls
soc-geography-tosho-0012	社会	共通	12	地理 第2章	地理 2-4	世界各地の気候と人々の生活②		東書	26F進行表オモテ【中学社会】.xls
soc-geography-tosho-0013	社会	共通	13	地理 第2章	地理 2-5	世界各地の気候と人々の生活③		東書	26F進行表オモテ【中学社会】.xls
soc-geography-tosho-0014	社会	共通	14	地理 第2章	地理 2-1	気候帯の分布		東書	26F進行表オモテ【中学社会】.xls
soc-geography-tosho-0015	社会	共通	15	地理 第2章	地理 2-2	気候区分		東書	26F進行表オモテ【中学社会】.xls
soc-geography-tosho-0016	社会	共通	16	地理 第2章	地理 2-6	世界の宗教		東書	26F進行表オモテ【中学社会】.xls
soc-geography-tosho-0017	社会	共通	17	地理 第3章	地理 3-1	アジアの自然環境と産業		東書	26F進行表オモテ【中学社会】.xls
soc-geography-tosho-0018	社会	共通	18	地理 第3章	地理 3-2	中国とインド		東書	26F進行表オモテ【中学社会】.xls
soc-geography-tosho-0019	社会	共通	19	地理 第3章	地理 3-3	東南アジア		東書	26F進行表オモテ【中学社会】.xls
soc-geography-tosho-0020	社会	共通	20	地理 第3章	地理 3-4	西アジアと中央アジア		東書	26F進行表オモテ【中学社会】.xls
soc-geography-tosho-0021	社会	共通	21	地理 第3章	地理 3-5	ヨーロッパの自然環境と産業		東書	26F進行表オモテ【中学社会】.xls
soc-geography-tosho-0022	社会	共通	22	地理 第3章	地理 3-6	ヨーロッパの文化とEU		東書	26F進行表オモテ【中学社会】.xls
soc-geography-tosho-0023	社会	共通	23	地理 第3章	地理 3-7	アフリカの自然と歴史		東書	26F進行表オモテ【中学社会】.xls
soc-geography-tosho-0024	社会	共通	24	地理 第3章	地理 3-8	アフリカの産業と地域統合		東書	26F進行表オモテ【中学社会】.xls
soc-geography-tosho-0025	社会	共通	25	地理 第3章	地理 3-9	北アメリカの自然環境と言語・宗教		東書	26F進行表オモテ【中学社会】.xls
soc-geography-tosho-0026	社会	共通	26	地理 第3章	地理 3-10	アメリカ合衆国の産業		東書	26F進行表オモテ【中学社会】.xls
soc-geography-tosho-0027	社会	共通	27	地理 第3章	地理 3-11	南アメリカの自然と歴史		東書	26F進行表オモテ【中学社会】.xls
soc-geography-tosho-0028	社会	共通	28	地理 第3章	地理 3-12	南アメリカの産業		東書	26F進行表オモテ【中学社会】.xls
soc-geography-tosho-0029	社会	共通	29	地理 第3章	地理 3-13	オセアニアの自然と歴史		東書	26F進行表オモテ【中学社会】.xls
soc-geography-tosho-0030	社会	共通	30	地理 第3章	地理 3-14	オーストラリアの資源と産業		東書	26F進行表オモテ【中学社会】.xls
soc-geography-tosho-0031	社会	共通	31	地理 第4章	地理 4-1	地域調査の方法		東書	26F進行表オモテ【中学社会】.xls
soc-geography-tosho-0032	社会	共通	32	地理 第4章	地理 4-2	地形図と地図記号		東書	26F進行表オモテ【中学社会】.xls
soc-geography-tosho-0033	社会	共通	33	地理 第4章	地理 4-3	地形図と等高線		東書	26F進行表オモテ【中学社会】.xls
soc-geography-tosho-0034	社会	共通	34	地理 第4章	地理 4-4	日本の山地・山脈と世界の地形		東書	26F進行表オモテ【中学社会】.xls
soc-geography-tosho-0035	社会	共通	35	地理 第4章	地理 4-6	日本の自然環境		東書	26F進行表オモテ【中学社会】.xls
soc-geography-tosho-0036	社会	共通	36	地理 第4章	地理 4-5	日本の海岸線と季節風		東書	26F進行表オモテ【中学社会】.xls
soc-geography-tosho-0037	社会	共通	37	地理 第4章	地理 4-7	日本の気候		東書	26F進行表オモテ【中学社会】.xls
soc-geography-tosho-0038	社会	共通	38	地理 第4章	地理 4-8	自然災害と環境保全		東書	26F進行表オモテ【中学社会】.xls
soc-geography-tosho-0039	社会	共通	39	地理 第4章	地理 4-9	日本の人口		東書	26F進行表オモテ【中学社会】.xls
soc-geography-tosho-0040	社会	共通	40	地理 第4章	地理 4-10	世界のエネルギー分布		東書	26F進行表オモテ【中学社会】.xls
soc-geography-tosho-0041	社会	共通	41	地理 第4章	地理 4-11	世界と日本の発電		東書	26F進行表オモテ【中学社会】.xls
soc-geography-tosho-0042	社会	共通	42	地理 第4章	地理 4-12	日本の農業の特色		東書	26F進行表オモテ【中学社会】.xls
soc-geography-tosho-0043	社会	共通	43	地理 第4章	地理 4-13	日本の水産業		東書	26F進行表オモテ【中学社会】.xls
soc-geography-tosho-0044	社会	共通	44	地理 第4章	地理 4-14	日本の工業		東書	26F進行表オモテ【中学社会】.xls
soc-geography-tosho-0045	社会	共通	45	地理 第4章	地理 4-15	産業の分類とサービス業		東書	26F進行表オモテ【中学社会】.xls
soc-geography-tosho-0046	社会	共通	46	地理 第4章	地理 4-16	日本の交通・通信網		東書	26F進行表オモテ【中学社会】.xls
