soc-history-kyoiku-0001	社会	共通	1	歴史 第1章	歴史 1-1	時代の表し方と区分		教出	26F進行表オモテ【中学社会】.xls
soc-history-kyoiku-0002	社会	共通	2	歴史 第2章	歴史 2-1	人類の出現と生活		教出	26F進行表オモテ【中学社会】.xls
soc-history-kyoiku-0003	社会	共通	3	歴史 第2章	歴史 2-2	文明の発生		教出	26F進行表オモテ【中学社会】.xls
soc-history-kyoiku-0004	社会	共通	4	歴史 第2章	歴史 2-3	旧石器時代と縄文時代のくらし		教出	26F進行表オモテ【中学社会】.xls
soc-history-kyoiku-0005	社会	共通	5	歴史 第2章	歴史 2-4	弥生時代のくらし		教出	26F進行表オモテ【中学社会】.xls
soc-history-kyoiku-0006	社会	共通	6	歴史 第2章	歴史 2-5	邪馬台国と大和政権		教出	26F進行表オモテ【中学社会】.xls
soc-history-kyoiku-0007	社会	共通	7	歴史 第2章	歴史 2-6	古墳時代と渡来人		教出	26F進行表オモテ【中学社会】.xls
soc-history-kyoiku-0008	社会	共通	8	歴史 第2章	歴史 2-7	聖徳太子の政治と律令国家の形成		教出	26F進行表オモテ【中学社会】.xls
soc-history-kyoiku-0009	社会	共通	9	歴史 第2章	歴史 2-8	飛鳥文化と天平文化		教出	26F進行表オモテ【中学社会】.xls
soc-history-kyoiku-0010	社会	共通	10	歴史 第2章	歴史 2-9	平安京と摂関政治		教出	26F進行表オモテ【中学社会】.xls
soc-history-kyoiku-0011	社会	共通	11	歴史 第2章	歴史 2-10	東アジアの変化と国風文化		教出	26F進行表オモテ【中学社会】.xls
soc-history-kyoiku-0012	社会	共通	12	歴史 第3章	歴史 3-1	武士の台頭と院政		教出	26F進行表オモテ【中学社会】.xls
soc-history-kyoiku-0013	社会	共通	13	歴史 第3章	歴史 3-2	鎌倉幕府の成立		教出	26F進行表オモテ【中学社会】.xls
soc-history-kyoiku-0014	社会	共通	14	歴史 第3章	歴史 3-3	鎌倉時代の文化と民衆の生活		教出	26F進行表オモテ【中学社会】.xls
soc-history-kyoiku-0015	社会	共通	15	歴史 第3章	歴史 3-4	元寇と鎌倉幕府の滅亡		教出	26F進行表オモテ【中学社会】.xls
soc-history-kyoiku-0016	社会	共通	16	歴史 第3章	歴史 3-5	室町幕府の成立と都市の発達		教出	26F進行表オモテ【中学社会】.xls
soc-history-kyoiku-0017	社会	共通	17	歴史 第3章	歴史 3-6	戦乱と文化		教出	26F進行表オモテ【中学社会】.xls
soc-history-kyoiku-0018	社会	共通	18	歴史 第4章	歴史 4-1	イスラム教とヨーロッパ諸国の発展		教出	26F進行表オモテ【中学社会】.xls
soc-history-kyoiku-0019	社会	共通	19	歴史 第4章	歴史 4-2	ヨーロッパ諸国の海外進出と日本への来航		教出	26F進行表オモテ【中学社会】.xls
soc-history-kyoiku-0020	社会	共通	20	歴史 第4章	歴史 4-3	信長・秀吉の統一事業		教出	26F進行表オモテ【中学社会】.xls
soc-history-kyoiku-0021	社会	共通	21	歴史 第4章	歴史 4-4	桃山文化		教出	26F進行表オモテ【中学社会】.xls
soc-history-kyoiku-0022	社会	共通	22	歴史 第5章	歴史 5-1	江戸幕府の成立		教出	26F進行表オモテ【中学社会】.xls
soc-history-kyoiku-0023	社会	共通	23	歴史 第5章	歴史 5-2	幕府のしくみと身分制度		教出	26F進行表オモテ【中学社会】.xls
soc-history-kyoiku-0024	社会	共通	24	歴史 第5章	歴史 5-3	鎖国		教出	26F進行表オモテ【中学社会】.xls
soc-history-kyoiku-0025	社会	共通	25	歴史 第5章	歴史 5-4	鎖国下での対外関係		教出	26F進行表オモテ【中学社会】.xls
soc-history-kyoiku-0026	社会	共通	26	歴史 第5章	歴史 5-5	産業の発達		教出	26F進行表オモテ【中学社会】.xls
soc-history-kyoiku-0027	社会	共通	27	歴史 第5章	歴史 5-6	元禄文化		教出	26F進行表オモテ【中学社会】.xls
soc-history-kyoiku-0028	社会	共通	28	歴史 第5章	歴史 5-7	幕府政治の乱れ		教出	26F進行表オモテ【中学社会】.xls
soc-history-kyoiku-0029	社会	共通	29	歴史 第5章	歴史 5-8	社会の変化		教出	26F進行表オモテ【中学社会】.xls
soc-history-kyoiku-0030	社会	共通	30	歴史 第5章	歴史 5-9	外国船の来航		教出	26F進行表オモテ【中学社会】.xls
soc-history-kyoiku-0031	社会	共通	31	歴史 第5章	歴史 5-10	新しい学問と化政文化		教出	26F進行表オモテ【中学社会】.xls
soc-history-kyoiku-0032	社会	共通	32	歴史 第6章	歴史 6-1	市民革命		教出	26F進行表オモテ【中学社会】.xls
soc-history-kyoiku-0033	社会	共通	33	歴史 第6章	歴史 6-2	産業革命		教出	26F進行表オモテ【中学社会】.xls
soc-history-kyoiku-0034	社会	共通	34	歴史 第6章	歴史 6-3	欧米諸国の発展		教出	26F進行表オモテ【中学社会】.xls
soc-history-kyoiku-0035	社会	共通	35	歴史 第6章	歴史 6-4	欧米諸国のアジア侵略		教出	26F進行表オモテ【中学社会】.xls
soc-history-kyoiku-0036	社会	共通	36	歴史 第6章	歴史 6-5	開国		教出	26F進行表オモテ【中学社会】.xls
soc-history-kyoiku-0037	社会	共通	37	歴史 第6章	歴史 6-6	江戸幕府の滅亡		教出	26F進行表オモテ【中学社会】.xls
soc-history-kyoiku-0038	社会	共通	38	歴史 第6章	歴史 6-7	明治政府の成立		教出	26F進行表オモテ【中学社会】.xls
soc-history-kyoiku-0039	社会	共通	39	歴史 第6章	歴史 6-8	維新の改革と文明開化		教出	26F進行表オモテ【中学社会】.xls
soc-history-kyoiku-0040	社会	共通	40	歴史 第7章	歴史 7-1	近代産業と国際関係		教出	26F進行表オモテ【中学社会】.xls
soc-history-kyoiku-0041	社会	共通	41	歴史 第7章	歴史 7-2	自由民権運動		教出	26F進行表オモテ【中学社会】.xls
soc-history-kyoiku-0042	社会	共通	42	歴史 第7章	歴史 7-3	大日本帝国憲法と帝国議会		教出	26F進行表オモテ【中学社会】.xls
soc-history-kyoiku-0043	社会	共通	43	歴史 第7章	歴史 7-4	条約改正と日清戦争		教出	26F進行表オモテ【中学社会】.xls
soc-history-kyoiku-0044	社会	共通	44	歴史 第7章	歴史 7-5	日露戦争と東アジア情勢		教出	26F進行表オモテ【中学社会】.xls
soc-history-kyoiku-0045	社会	共通	45	歴史 第7章	歴史 7-6	産業革命の進展		教出	26F進行表オモテ【中学社会】.xls
soc-history-kyoiku-0046	社会	共通	46	歴史 第7章	歴史 7-7	社会運動の発展		教出	26F進行表オモテ【中学社会】.xls
soc-history-kyoiku-0047	社会	共通	47	歴史 第7章	歴史 7-8	近代文化の形成		教出	26F進行表オモテ【中学社会】.xls
