soc-civics-tosho-0001	社会	共通	1	公民 第1章	公民 1-1	グローバル化と情報化		東書	26F進行表オモテ【中学社会】.xls
soc-civics-tosho-0002	社会	共通	2	公民 第1章	公民 1-2	現代社会の特色と少子高齢化		東書	26F進行表オモテ【中学社会】.xls
soc-civics-tosho-0003	社会	共通	3	公民 第1章	公民 1-3	伝統文化と多文化共生		東書	26F進行表オモテ【中学社会】.xls
soc-civics-tosho-0004	社会	共通	4	公民 第1章	公民 1-4	現代社会の見方・考え方		東書	26F進行表オモテ【中学社会】.xls
soc-civics-tosho-0005	社会	共通	5	公民 第2章	公民 2-1	人権の歴史		東書	26F進行表オモテ【中学社会】.xls
soc-civics-tosho-0006	社会	共通	6	公民 第2章	公民 2-2	日本の憲法		東書	26F進行表オモテ【中学社会】.xls
soc-civics-tosho-0007	社会	共通	7	公民 第2章	公民 2-3	日本国憲法の３つの基本原理		東書	26F進行表オモテ【中学社会】.xls
soc-civics-tosho-0008	社会	共通	8	公民 第2章	公民 2-4	天皇と平和主義		東書	26F進行表オモテ【中学社会】.xls
soc-civics-tosho-0009	社会	共通	9	公民 第2章	公民 2-5	平等権と自由権		東書	26F進行表オモテ【中学社会】.xls
soc-civics-tosho-0010	社会	共通	10	公民 第2章	公民 2-6	社会権,人権を確保するための権利		東書	26F進行表オモテ【中学社会】.xls
soc-civics-tosho-0011	社会	共通	11	公民 第2章	公民 2-7	人権の限界・制限と国民の義務		東書	26F進行表オモテ【中学社会】.xls
soc-civics-tosho-0012	社会	共通	12	公民 第2章	公民 2-8	新しい人権と世界の動き		東書	26F進行表オモテ【中学社会】.xls
soc-civics-tosho-0013	社会	共通	13	公民 第3章	公民 3-1	日本の選挙		東書	26F進行表オモテ【中学社会】.xls
soc-civics-tosho-0014	社会	共通	14	公民 第3章	公民 3-2	日本の政治		東書	26F進行表オモテ【中学社会】.xls
soc-civics-tosho-0015	社会	共通	15	公民 第3章	公民 3-3	国会の地位としくみ		東書	26F進行表オモテ【中学社会】.xls
soc-civics-tosho-0016	社会	共通	16	公民 第3章	公民 3-4	国会の仕事		東書	26F進行表オモテ【中学社会】.xls
soc-civics-tosho-0017	社会	共通	17	公民 第3章	公民 3-5	内閣		東書	26F進行表オモテ【中学社会】.xls
soc-civics-tosho-0018	社会	共通	18	公民 第3章	公民 3-6	裁判所		東書	26F進行表オモテ【中学社会】.xls
soc-civics-tosho-0019	社会	共通	19	公民 第3章	公民 3-7	三権分立		東書	26F進行表オモテ【中学社会】.xls
soc-civics-tosho-0020	社会	共通	20	公民 第3章	公民 3-8	地方自治		東書	26F進行表オモテ【中学社会】.xls
soc-civics-tosho-0021	社会	共通	21	公民 第4章	公民 4-1	経済と家計		東書	26F進行表オモテ【中学社会】.xls
soc-civics-tosho-0022	社会	共通	22	公民 第4章	公民 4-2	流通		東書	26F進行表オモテ【中学社会】.xls
soc-civics-tosho-0023	社会	共通	23	公民 第4章	公民 4-3	企業		東書	26F進行表オモテ【中学社会】.xls
soc-civics-tosho-0024	社会	共通	24	公民 第4章	公民 4-4	労働者の権利		東書	26F進行表オモテ【中学社会】.xls
soc-civics-tosho-0025	社会	共通	25	公民 第4章	公民 4-5	市場経済		東書	26F進行表オモテ【中学社会】.xls
soc-civics-tosho-0026	社会	共通	26	公民 第4章	公民 4-6	金融		東書	26F進行表オモテ【中学社会】.xls
soc-civics-tosho-0027	社会	共通	27	公民 第4章	公民 4-7	景気変動		東書	26F進行表オモテ【中学社会】.xls
soc-civics-tosho-0028	社会	共通	28	公民 第4章	公民 4-8	為替相場		東書	26F進行表オモテ【中学社会】.xls
soc-civics-tosho-0029	社会	共通	29	公民 第4章	公民 4-9	財政		東書	26F進行表オモテ【中学社会】.xls
soc-civics-tosho-0030	社会	共通	30	公民 第4章	公民 4-10	社会保障と環境の保全		東書	26F進行表オモテ【中学社会】.xls
soc-civics-tosho-0031	社会	共通	31	公民 第5章	公民 5-1	国際社会のしくみ		東書	26F進行表オモテ【中学社会】.xls
soc-civics-tosho-0032	社会	共通	32	公民 第5章	公民 5-2	国際問題と日本		東書	26F進行表オモテ【中学社会】.xls
